{
  "model_name": "TariClassifier_MobileNetV2",
  "architecture": "MobileNetV2 + Custom Head",
  "input_shape": [
    224,
    224,
    3
  ],
  "num_classes": 5,
  "class_names": [
    "Tari_Bedhaya",
    "Tari_Dolalak",
    "Tari_Gambyong",
    "Tari_Golek",
    "Tari_Srimpi"
  ],
  "class_labels": {
    "Tari_Bedhaya": "Tari Bedhaya",
    "Tari_Dolalak": "Tari Dolalak",
    "Tari_Gambyong": "Tari Gambyong",
    "Tari_Golek": "Tari Golek",
    "Tari_Srimpi": "Tari Srimpi"
  },
  "dropout_rate": 0.3,
  "dense_units": 256,
  "fine_tune_at": 100,
  "keras_path": "/content/drive/MyDrive/Skripsi_Fasya/output/models/model_final.keras",
  "h5_path": "/content/drive/MyDrive/Skripsi_Fasya/output/models/model_final.h5",
  "saved_at": "2026-06-15 00:07:44",
  "evaluation": {
    "accuracy": 0.7325581395348837,
    "precision": 0.7355477855477854,
    "recall": 0.7325581395348837,
    "f1_score": 0.7304326723529406,
    "per_class_accuracy": {
      "Tari Bedhaya": 0.7777777777777778,
      "Tari Dolalak": 0.875,
      "Tari Gambyong": 0.7894736842105263,
      "Tari Golek": 0.6875,
      "Tari Srimpi": 0.5294117647058824
    },
    "confusion_matrix": [
      [
        14,
        0,
        2,
        1,
        1
      ],
      [
        1,
        14,
        1,
        0,
        0
      ],
      [
        1,
        1,
        15,
        1,
        1
      ],
      [
        1,
        0,
        2,
        11,
        2
      ],
      [
        3,
        0,
        2,
        3,
        9
      ]
    ],
    "classification_report": {
      "Tari Bedhaya": {
        "precision": 0.7,
        "recall": 0.7777777777777778,
        "f1-score": 0.7368421052631579,
        "support": 18.0
      },
      "Tari Dolalak": {
        "precision": 0.9333333333333333,
        "recall": 0.875,
        "f1-score": 0.9032258064516129,
        "support": 16.0
      },
      "Tari Gambyong": {
        "precision": 0.6818181818181818,
        "recall": 0.7894736842105263,
        "f1-score": 0.7317073170731707,
        "support": 19.0
      },
      "Tari Golek": {
        "precision": 0.6875,
        "recall": 0.6875,
        "f1-score": 0.6875,
        "support": 16.0
      },
      "Tari Srimpi": {
        "precision": 0.6923076923076923,
        "recall": 0.5294117647058824,
        "f1-score": 0.6,
        "support": 17.0
      },
      "accuracy": 0.7325581395348837,
      "macro avg": {
        "precision": 0.7389918414918414,
        "recall": 0.7318326453388373,
        "f1-score": 0.7318550457575883,
        "support": 86.0
      },
      "weighted avg": {
        "precision": 0.7355477855477854,
        "recall": 0.7325581395348837,
        "f1-score": 0.7304326723529406,
        "support": 86.0
      }
    },
    "total_test_samples": 86,
    "correct_predictions": 63
  }
}